"1","Advogado do Diabo","45455","45454","45454","masculino","2013-10-01","45","1","45","casa"
"2","Paulo Cordeiro","45","45","54","54","2013-10-09","465","1","56","casa"
"3","Antonio Marcos","45456","454","454","masculino","2013-10-09","54","1","454","casa"
"1","teste"
"1","teste","1"
"4","Joao da Silva",NULL,NULL,NULL,"masculino","2013-10-11","454545","1","45","casa"
"5","Antonio Medeiros",NULL,NULL,NULL,"ha","2013-10-16","45","1","56","casa"
"7","Eduardo",NULL,NULL,NULL,"masculino","2013-10-02","454548","1","46","cas"
"1","teste","1","1","1","1"
"1","teste","te"
"1","Cascavel","78","2013-10-15","teste","4545","4554","1"
"2","Foz do Iguassu","45","2013-10-16","casa","6456","445","1"
"1","tste"
"74","2000-02-01","Julgamentos","0","2","4","1","2"
"584","2013-10-01","TEste","0","2","7","3","2"
"785","2013-10-01","Teste","0","1","4","2","2"
"787","2013-10-01","Teste","0","1","5","2","2"
"866","2000-02-01","Processo Civil","0","1","5","1","2"
"1","teste"
"2","Julgamento"
"1","Processo Civil"
"3","Processo Juridico"
"1","Abertura"
"2","Julgamento"
